ID,name,createdAt,createdBy,modifiedAt,modifiedBy
26948568-9d22-42e3-9f67-198dac2d7c38,name-26948568,2014-03-13T00:00:00.000Z,createdBy.g1lnc@example.org,2019-05-27T00:00:00.000Z,modifiedBy.g1lnc@example.com
21658119-af67-4bd2-8cdf-1d159a65c276,name-216581,2001-07-01T00:00:00.000Z,createdBy.4n45@example.org,2020-09-23T00:00:00.000Z,modifiedBy.4n45@example.org
21658208-7453-41f8-b715-333ef09f8a2a,name-216582,2011-06-04T00:00:00.000Z,createdBy.4n46@example.org,2004-02-22T00:00:00.000Z,modifiedBy.4n46@example.com
21658315-9a99-4ca4-81dc-a72ac7eabb38,name-216583,2006-06-20T00:00:00.000Z,createdBy.4n47@example.net,2006-05-23T00:00:00.000Z,modifiedBy.4n47@example.org
216584bc-fdf8-483a-9d3a-06f4b7aa6153,name-216584,2018-08-17T00:00:00.000Z,createdBy.4n48@example.org,2019-05-12T00:00:00.000Z,modifiedBy.4n48@example.net
216585b8-1b39-4273-a8d4-34f321f7831a,name-216585,2010-09-11T00:00:00.000Z,createdBy.4n49@example.net,2020-10-06T00:00:00.000Z,modifiedBy.4n49@example.com
216586f5-16c4-4d18-a7e9-8eeaf5580c27,name-216586,2006-02-01T00:00:00.000Z,createdBy.4n4a@example.com,2022-11-19T00:00:00.000Z,modifiedBy.4n4a@example.net
216587eb-75ef-4096-a88e-026e0dff7e1a,name-216587,2013-05-03T00:00:00.000Z,createdBy.4n4b@example.com,2012-03-15T00:00:00.000Z,modifiedBy.4n4b@example.com
21658853-167d-4af3-8721-edc64a830cb6,name-216588,2021-05-19T00:00:00.000Z,createdBy.4n4c@example.org,2008-04-04T00:00:00.000Z,modifiedBy.4n4c@example.net
2165899a-cfe4-43de-b160-b2d3aeaeba3b,name-216589,2005-10-15T00:00:00.000Z,createdBy.4n4d@example.com,2022-01-24T00:00:00.000Z,modifiedBy.4n4d@example.org